alias,canonical_name,pinyin_name
brand_name,cpo_name,cpo_name
66快充,66快充,66kuaichong
Bmw,BMW,bmw
ECPOWER,ECPOWER,ecpower
EVCARD,EVCARD,evcard
Evcard,EVCARD,evcard
E充泊,E充泊,echongpo
E来电,E来电,elaidian
Funcharging,Funcharging,funcharging
Hi ZOOM,Hi ZOOM,hi zoom
I充能源,iCharge,icharge
JAC,JAC,jac
JSOWELL,JSOWELL,jsowell
Nio,Nio,nio
PP充电,PP充电,ppchongdian
Tesla,Tesla,tesla
VCHARG惠乘,VCHARG惠乘,vcharghuicheng
bp,Shell,shell
evcard,EVCARD,evcard
iCharge,iCharge,icharge
i玖充电,i玖充电,ijiuchongdian
一电,一电,yidian
一码,一码YiMa,yimayima
一码YiMa,一码YiMa,yimayima
丁新能源,丁新能源,dingxinnengyuan
万净极速充,万净,wanjing
万城万充,万城万充,wanchengwanchong
万马爱充,万马爱充,wanmaaichong
三加充电,三加充电,sanjiachongdian
三只孔雀,三只孔雀,sanzhikongque
三峡小充,三峡小充,sanxiaxiaochong
上海壳牌,Shell,shell
世动云充,世动云充,shidongyunchong
东e电,东e电,dongedian
东莞汇能新能源,东莞汇能,dongguanhuineng
中万充电,中万充电,zhongwanchongdian
中万石化,中万石化,zhongwanshihua
中创高科,中创高科,zhongchuanggaoke
中国石化,中国石化,zhongguoshihua
中国石油,中国石油,zhongguoshiyou
中国石油 金融中心站,中国石油,zhongguoshiyou
中国铁塔,中国铁塔,zhongguotieta
中城光丽,中城光丽,zhongchengguangli
中江实业,中江实业,zhongjiangshiye
中油智电,中油智电,zhongyouzhidian
中电思极能,中电思极能,zhongdiansijineng
中装天如,中装天如,zhongzhuangtianru
中铁一局,中铁一局,zhongtieyiju
举视,举视,jushi
乐七,乐七,leqi
乐华,乐华,lehua
乐来电,乐来电,lelaidian
九分钟新能源,九分钟,jiufenzhong
云亿威新,云亿威新,yunyiweixin
云南云享新能源,云享,yunxiang
云南交运,交运,jiaoyun
云南千法,千法,qianfa
云南能投,能投,nengtou
云快充,云快充,yunkuaichong
云杉智慧,云杉智慧,yunshanzhihui
云电乐享,云电乐享,yundianlexiang
云睿充,云睿充,yunruichong
云硕新能源,云硕,yunshuo
云谷向黔,云谷向黔,yunguxiangqian
云鲲新能源,云鲲,yunkun
交投,交投,jiaotou
交运,交运,jiaoyun
亨通慧充,亨通慧充,hengtonghuichong
享悦,享悦,xiangyue
亿天宸,亿天宸,yitianchen
亿家亿桩,亿家亿桩,yijiayizhuang
亿汇充,亿汇充,yihuichong
亿电充,亿电充,yidianchong
亿能天成,亿能天成,yinengtiancheng
亿谦,亿谦,yiqian
亿谦电子,亿谦电子,yiqiandianzi
仁和云朵,仁和云朵,renheyunduo
任我充,任我充,renwochong
伍道和,伍道和,wudaohe
众巅,众巅,zhongdian
优易充charge,优易充,youyichong
优洁电,优洁电,youjiedian
优盛新能源,优盛,yousheng
优盛智控,优盛,yousheng
优速得,优速得,yousude
佛山绿丰汽车,绿丰,lvfeng
依威能源,依威,yiwei
保时捷,保时捷,baoshijie
倢电充,倢电充,jiedianchong
充充有电,充充有电,chongchongyoudian
充电喵,充电喵,chongdianmiao
充电有道,充电有道,chongdianyoudao
充电猿,充电猿,chongdianyuan
光储,光储,guangchu
全市快充,全市,quanshi
全日充,全日充,quanrichong
全能充,全能充,quannengchong
公交快充,公交,gongjiao
公交新能源,公交,gongjiao
公牛,公牛,gongniu
共创新能源,共创,gongchuang
兴国新能源,兴国,xingguo
兴威,兴威,xingwei
兴诺充电,兴诺充电,xingnuochongdian
凯麦斯,凯麦斯,kaimaisi
利嘉智充,利嘉智充,lijiazhichong
制之分,制之分,zhizhifen
力氪,力氪,like
力氪充,力氪,like
动力联盟,动力联盟,donglilianmeng
劲桩,劲桩,jinzhuang
勤充,勤充,qinchong
北京卡丘,卡丘,kaqiu
北汽极狐,极狐,jihu
北网新能源,北网,beiwang
北能能源,北能,beineng
华为,华为,huawei
华之电,华之电,huazhidian
华之耀,华之耀,huazhiyao
华体,华体,huati
华充充电,华充,huachong
华北壳牌,Shell,shell
华瑞快充,华瑞,huarui
华盈充电,华盈,huaying
协行,协行,xiexing
南京易充,易充,yichong
南方电网,南方电网,nanfangdianwang
南昌城投新能源,城投,chengtou
南电新能源,南电,nandian
南网电动,南网电动,nanwangdiandong
卡丘充电,卡丘,kaqiu
卡丘聚能,卡丘,kaqiu
卡泰驰,卡泰驰,kataichi
卫莱电,卫莱电,weilaidian
友电,友电,youdian
友翔芯科,友翔芯科,youxiangxinke
友谊路,友谊路,youyilu
叠科,叠科,dieke
古都能瑞,古都能瑞,gudunengrui
叮叮,叮叮,dingding
叻驿充,叻驿充,leyichong
合众融通,合众融通,hezhongrongtong
吉丰,吉丰,jifeng
吉吉,吉吉,jiji
吉智能源,吉智,jizhi
君来顺快充,君来顺,junlaishun
君达,君达,junda
君达石化,君达,junda
吴都能源,吴都,wudou
呱呱,呱呱,gugu
和云充,和云充,heyunchong
和兴慧能,和兴慧能,hexinghuineng
咚咚充电,咚咚充电,dongdongchongdian
哈博能源,哈博,habo
哈哩充电,哈哩,hali
哪儿充,哪儿充,naerchong
唐充充,唐充充,tangchongchong
唐山能源,唐山能源,tangshannengyuan
唐河智慧,唐河智慧,tanghezhihui
嘉盛电源,嘉盛电源,jiashengdianyuan
嘟嘟动力,嘟嘟动力,dududongli
四川明星新能源,四川明星,sichuanmingxing
四川能源,四川能源,sichuannengyuan
国信出行,国信出行,guoxinchuxing
国家电网,国家电网,guojiadianwang
国油新能源,国油新能源,guoyouxinnengyuan
国源智充,国源智充,guoyuanzhichong
国电投智慧充电,国电投,guodiantou
国电投（珠海）,国电投,guodiantou
国网分布式新能源,国家电网,guojiadianwang
国网英大,国网英大,guowangyingda
地上铁,地上铁,dishangtie
均悦充,均悦充,junyuechong
坊液,坊液,fangye
城中智能,城中智能,chengzhongzhineng
城头能源,城头,chengtou
城投能源,城头,chengtou
塑云科技,塑云,suyun
壳牌,Shell,shell
壳牌充电,Shell,shell
壹电蜀,壹电蜀,yidianshu
大理滇能,大理滇能,dalidianneng
大象,大象,daxiang
天光地合,天光地合,tianguangdihe
天天充电,天天充电,tiantianchongdian
天天有乾,天天有乾,tiantianyouqian
天天超充,天天超充,tiantianchaochong
天童,天童,tiantong
太湖智行,太湖智行,taihuzhixing
太空充电,太空充电,taikongchongdian
太能充,太能充,tainengchong
太能冲,太能充,tainengchong
奇瑞,奇瑞,qirui
奥特迅,奥特迅,aotexun
奥迪,奥迪,aodi
威尔信新能源,威尔信,weierxin
宁充充,宁充充,ningchongchong
宁波元电,元电,yuandian
宁波均胜,均胜,junsheng
宁波玖太,玖太,jiutai
安e充,安e充,anechong
安充,安充,anchong
安充新能源,安充,anchong
安充智能,安充,anchong
安徽惠民通,惠民通,huimintong
安心,安心,anxin
安悦,安悦,anyue
安悦充电,安悦,anyue
安拿吉,安拿吉,annaji
安星充,安星充,anxingchong
安能绿捷,安能绿捷,annenglvjie
安誉新能源,安誉,anyu
安驿能源,安驿,anyi
宏意新能源,宏意,hongyi
宜宾宜行,宜宾宜行,yibinyixing
宝莱德,宝莱德,baolaide
宝馨新能源,宝馨,baoxin
宝马,BMW,bmw
家享充,家享充,jiaxiangchong
容新智充,容新智充,rongxinzhichong
富昌新能源,富昌,fuchang
富满电,富满电,fumandian
富电,富电,fudian
富电易充,富电易充,fudianyichong
小丫快充,小丫快充,xiaoyakuaichong
小乐充电,小乐充电,xiaolechongdian
小优问电,小优问电,xiaoyouwendian
小兔充充,小兔充充,xiaotuchongchong
小华充电,小华充电,xiaohuachongdian
小可乐,小可乐,xiaokele
小朗充电,小朗,xiaolang
小朗新能源,小朗,xiaolang
小桔,小桔,xiaoju
小桔充电,小桔,xiaoju
小橘充电,小桔,xiaoju
小橙智充,小橙智充,xiaochengzhichong
小润快充,小润快充,xiaorunkuaichong
小老虎充电,小老虎充电,xiaolaohuchongdian
小飞象,小飞象,xiaofeixiang
小马充电,小马,xiaoma
小马有电,小马,xiaoma
小马爱充,小马,xiaoma
小鹏,小鹏,xiaopeng
小麦,小麦,xiaomai
山高,山高,shangao
岚图,岚图,lantu
岳华新能源,岳华,yuehua
岳能,岳能,yueneng
峰谷智充,峰谷智充,fengguzhichong
川能,川能,chuanneng
巴士新能源,巴士新能源,bashixinnengyuan
市政充电,市政充电,shizhengchongdian
帕克公源,帕克公源,pakegongyuan
平高易电,平高易电,pinggaoyidian
平高智联,平高智联,pinggaozhilian
幸福千万家,幸福千万家,xingfuqianwanjia
广东天路,广东天路,guangdongtianlu
广州发展,广州发展,guangzhoufazhan
广州城投,城投,chengtou
广州智光,智光,zhiguang
广州羊充,羊充,yangchong
广汽,广汽,guangqi
广汽能源,广汽,guangqi
广西天天快充,天天快充,tiantiankuaichong
广西快满,快满,kuaiman
库仑,库仑,kulun
庚星能源,庚星能源,gengxingnengyuan
度普E站,度普E站,dupuezhan
延长壳牌(广东),Shell,shell
建津科技,建津,jianjin
开迈斯,开迈斯,kaimaisi
开鑫充,开鑫充,kaixinchong
开鑫充电,开鑫充,kaixinchong
开麦斯,开迈斯,kaimaisi
弘电新能源,弘电,hongdian
张伟充电,张伟,zhangwei
循道新能源,循道,xundao
微正能源,微正,weizheng
德星瑞,德星瑞,dexingrui
快卜,快卜,kuaibo
快呗充,快呗充,kuaibeichong
快当当,快当当,kuaidangdang
快易充,快易充,kuaiyichong
快电,快电,kuaidian
快道,快道,kuaidao
快鳗,快鳗,kuaiman
恒宏（广州）,恒宏,henghong
恩能,恩能,enneng
悦享充,悦享充,yuexiangchong
悦充美,悦充美,yuechongmei
悦来电,悦来电,yuelaidian
悦速充,悦速充,yuesuchong
惠众,惠众,huizhong
惠利,惠利,huili
惠民充,惠民充,huiminchong
惠知电,惠知电,huizhidian
惠程科技,惠程科技,huichengkeji
愉秒充,愉秒充,yumiaochong
成运凡亚,成运凡亚,chengyunfanya
成都亿嘉电,亿嘉电,yijiadian
户户充,户户充,huhuchong
扬充新能源,扬充,yangchong
拓士乐,拓士乐,tuoshile
招商建筑科技,招商建筑,zhaoshangjianzhu
挚达,挚达,zhida
挚达充,挚达,zhida
捷电通,捷电通,jiediantong
捷顺充,捷顺充,jieshunchong
斑马,斑马,banma
新君充,新君充,xinjunchong
新天天然气,新天天然气,xintiantianranqi
新电徒,新电徒,xindiantu
新电途,新电徒,xindiantu
无诤,无诤,wuzheng
无锡市政,无锡市政,wuxishizheng
旭电通,旭电通,xudiantong
时代华智,时代华智,shidaihuazhi
昆仑新奥,昆仑新奥,kunlunxinao
昆仑网电,昆仑网电,kunlunwangdian
昆能充,昆能充,kunnengchong
昊柏,昊柏,haobai
明仕新能源,明仕,mingshi
明矾建材,明矾建材,mingfanjiancai
易佳电,易佳电,yijiadian
易卡,易卡,yika
易安充,易安充,yianchong
易安桩,易安桩,yianzhuang
易安电,易安电,yiandian
易安装,易安装,yianzhuang
易步新能源,易步,yibu
易迅通达,易迅通达,yixuntongda
星云,星云,xingyun
星宇,星宇,xingyu
星彩华桂,星彩华桂,xingcaihuagui
星星,星星充电,xingxingchongdian
星星充电,星星充电,xingxingchongdian
星烁智充,星烁智充,xingshuozhichong
星空之境,星空之境,xingkongzhijing
晋泰,晋泰,jintai
普天充,普天充,putianchong
普天新能源,普天充,putianchong
普捷易,普捷易,pujieyi
智充,智充,zhichong
智场新能源,智场,zhichang
智汇充,智汇充,zhihuichong
智泊惠,智泊惠,zhipohui
智电小象新能源,智电小象,zhidianxiaoxiang
智电时代,智电时代,zhidianshidai
智电速能,智电速能,zhidiansuneng
智联互充,智联互充,zhilianhuchong
智衍,智衍,zhiyan
智道,智道,zhidao
暮芝新能源,暮芝新,muzhixin
有加,有加,youjia
朗新新能源,朗新,langxin
朗新能源,朗新,langxin
未来能源,未来能源,weilainengyuan
来点电,来点电,laidiandian
杭州绿昀,绿昀,lvyun
杰达快充,杰达,jieda
极氪,极氪,jike
极氪能源,极氪,jike
极界,极界,jijie
极能,极能,jineng
极越,极越,jiyue
极越充,极越,jiyue
极速,极速,jisu
柚子充,柚子充,youzichong
格传新能源,格传,gechuan
森通智达,森通智达,sentongzhida
楷雨新能源,楷雨,kaiyu
欢橙新能源,欢橙,huancheng
欧昊能源,欧昊,ouhao
正华电子,正华电子,zhenghuadianzi
正辉充,正辉充,zhenghuichong
武侯商程,武侯商程,wuhoushangcheng
武汉星电投,星电投,xingdiantou
比亚迪,BYD,byd
氢驰新能源,氢驰,qingchi
永国,永国,yongguo
永易充,永易充,yongyichong
汇充,汇充,huichong
汇电能源,汇电,huidian
汇科云充,汇科云充,huikeyunchong
汇能充电,汇能,huineng
汇誉新能源,汇誉,huiyu
江苏壳牌,Shell,shell
江苏安科瑞,安科瑞,ankerui
江苏速仕通,速仕通,sushitong
江苏鲸充,鲸充,jingchong
江西电建,电建,dianjian
江西益世天成,益世天成,yishitiancheng
沈阳华明环保,华明环保,huaminghuanbao
沈阳卓凡,卓凡,zhuofan
沈阳恒运,沈阳恒运,shenyanghengyun
沈阳森佳,森佳,senjia
沐然新能源,沐然,muran
沪充充,沪充充,huchongchong
河北江冀,江冀,jiangji
河南熙电新能源,熙电,xidian
沿森,沿森,yansen
法斯特,法斯特,fasite
泰易电,泰易电,taiyidian
泰那斯,泰那斯,tainasi
泰阳充电,泰阳充电,taiyangchongdian
津骋,津骋,jincheng
洪雁充电,洪雁充电,hongyanchongdian
派捷充电,派捷充电,paijiechongdian
浙江云碳,云碳,yuntan
浙江亿充,亿充,yichong
浙江亿能,亿能,yineng
浙江充冲,浙江充冲,zhejiangchongchong
浙江超翔,超翔,chaoxiang
浦江,浦江,pujiang
浩涵,浩涵,haohan
浩瀚能源,浩涵,haohan
海俊新能源,海俊,haijun
海南仁信,海南仁信,hainanrenxin
海口公交新能源,公交,gongjiao
海尚惠苑新,海尚惠苑新,haishanghuiyuanxin
海康威视,海康威视,haikangweishi
海汇德,海汇德,haihuide
涛鑫,涛鑫,taoxin
润小电,润小电,runxiaodian
润成达,润诚达,runchengda
润诚达,润诚达,runchengda
深圳巴士,深圳巴士,shenzhenbashi
深圳智电,智电,zhidian
深圳电王快充,深圳电王,shenzhendianwang
添能新能源,添能,tianneng
渝快充,渝快充,yukuaichong
港华交通,港华交通,ganghuajiaotong
港博充,港博充,gangbochong
港投中油,港投中油,gangtouzhongyou
湖北中大恒润,恒润,hengrun
湖北壳牌,Shell,shell
湖南为百,为百,weibai
溧水新能源,溧水,lishui
滨南时代,滨南时代,binnanshidai
澳技,澳技,aoji
爱众云鲲,云鲲,yunkun
爱迪克,爱迪克,aidike
特斯拉,Tesla,tesla
特来电,TLD,tld
特瓦特,特瓦特,tewate
特电旺新能源,特电旺,tedianwang
特锐德,特锐德,teruide
玖能行,玖行,jiuxing
玖行,玖行,jiuxing
玖行充电,玖行,jiuxing
环岛,环岛,huandao
珠峰易站,珠峰易站,zhufengyizhan
珠海正方智慧城市,珠海正方,zhuhaizhengfang
珠海驿联,珠海驿联,zhuhaiyilian
理想,理想,lixiang
瑞旭低碳,瑞旭低碳,ruixuditan
用电,用电,yongdian
申充能源,申充能源,shenchongnengyuan
电鹰,电鹰,dianying
电鹰新能源,电鹰,dianying
百城新能源,百城,baicheng
百源智联,百源智联,baiyuanzhilian
百跑用车,百跑用车,baipaoyongche
益充,益充,yichong
盛世通力,盛世通力,shengshitongli
盛安新能源,盛安,shengan
知智恒,知智恒,zhizhiheng
石湍,石湍,shituan
码上充,码上充,mashangchong
神马充,神马充,shenmachong
祥岩充电,祥岩充电,xiangyanchongdian
祺祯云,祺祯云,qizhenyun
福州城投小福充电,城投,chengtou
秐电管家,秐电管家,yundianguanjia
科华,科华,kehua
科士达,科士达,keshida
科大,科大,keda
窝边兔,窝边兔,wobiantu
立宏能源,立宏,lihong
简单充,简单充,jiandanchong
简驿新能源,简驿,jianyi
米粒新能源,米粒,mili
精慧充,精慧充,jinghuichong
紫印新能源,紫印,ziyin
紫微星科技,紫微星科技,ziweixingkeji
繁富利得,繁富利得,fanfulide
红旗,红旗,hongqi
红沣科技,红沣科技,hongfengkeji
绿源新能源,绿源,lvyuan
绿电新能源,绿电,lvdian
绿的快车,绿的快车,lvdekuaiche
绿盈汽车,绿盈汽车,lvyingqiche
绿箭新能源,绿箭,lvjian
绿色柠檬,绿色柠檬,lvseningmeng
绿芽新能,绿芽新能,lvyaxinneng
绿行,绿行,lvxing
绿雅,绿雅,lvya
美克生能源,美克生,meikesheng
美华智充,美华智充,meihuazhichong
美好京能,美好京能,meihaojingneng
美森充电,美森充电,meisenchongdian
联东新能源,联东,liandong
联联,联联,lianlian
联行,联行,lianxing
聚合快充,聚合快充,juhekuaichong
聚来电,聚来电,julaidian
聚海,聚海,juhai
聚能惠,聚能惠,junenghui
能+超充,能+超充,neng+chaochong
能瑞,能瑞,nengrui
能银链,能银链,nengyinlian
腾隆建设,腾隆建设,tenglongjianshe
自行充,自行充,zixingchong
良安伍氏,良安伍氏,lianganwushi
艾充,艾充,aichong
芳菲新能源,芳菲,fangfei
苏云,苏云,suyun
苏州壳牌,Shell,shell
苏州太阳谷,太阳谷,taiyanggu
茂电,茂电,maodian
莱电,莱电,laidian
蓉E充,蓉e充,rongechong
蓉e充,蓉e充,rongechong
蓝鲤,蓝鲤,lanli
蔚享天成,蔚享天成,weixiangtiancheng
蔚动力,蔚动力,weidongli
蔚动力（新）,蔚动力,weidongli
蔚景云,蔚景云,weijingyun
蔚来,蔚来,weilai
蔚蓝快充,蔚蓝快充,weilankuaichong
蔡甸城投,城投,chengtou
虹邦科技,虹邦科技,hongbangkeji
蜀道新能源,蜀道新能源,shudaoxinnengyuan
融e充,融e充,rongechong
融亿充,融e充,rongechong
西咸汽服,西咸汽服,xixianqifu
西昌骏马,西昌骏马,xichangjunma
诺亚,诺亚,nuoya
诺铭充,诺铭充,nuomingchong
象前充,象前充,xiangqianchong
象山大锋锋,象山大锋锋,xiangshandafengfeng
豪金,豪金,haojin
贞新新能源,贞新,zhenxin
贤城通,贤城通,xianchengtong
贵州云谷,云谷,yungu
贵州畅的,畅的,changde
资阳瑞雁,资阳瑞雁,ziyangruiyan
赛湖新能源,赛湖,saihu
赫兹精工,赫兹精工,hezijinggong
超慧充,超慧充,chaohuichong
超翔,超翔,chaoxiang
路客新能源,路客,luke
路遥,路遥,luyao
车库电桩,车库电桩,chekudianzhuang
车库电装,车库电装,chekudianzhuang
车电网,车电网,chedianwang
车联网,车联网,chelianwang
辰玥,辰玥,chenyue
达克云,达克云,dakeyun
迅电,迅电,xundian
这有电,这有电,zheyoudian
通拿,通拿,tongna
速充充电,速充充电,suchongchongdian
速充新能源,速充充电,suchongchongdian
速易达,速易达,suyida
速来电,速来电,sulaidian
速源,速源,suyuan
逸安启,逸安启,yianqi
逸安起,逸安启,yianqi
道唱充充,道唱充充,daochangchongchong
邦驰新能源,邦驰,bangchi
郑州畅的,畅的,changde
郑州赋力新能源,赋力,fuli
重庆中盾,中盾,zhongdun
重庆交运,交运,jiaoyun
重庆壳牌,Shell,shell
重庆小马爱冲,小马,xiaoma
重庆能投,能投,nengtou
重庆能源,重庆能源,chongqingnengyuan
金仓永华,金仓永华,jincangyonghua
金威新能源,金威,jinwei
金弦新能源,金弦,jinxian
金璨鑫,金璨鑫,jincanxin
金色充充,金色充充,jinsechongchong
金诚新能源,金诚,jincheng
鑫传承新能源,鑫传承,xinchuancheng
鑫润新能源,鑫润,xinrun
鑫能动,鑫能动,xinnengdong
铭创新能源,铭创,mingchuang
铮创新能源,铮创,zhengchuang
锦联科技,锦联科技,jinliankeji
长兴超翔,超翔,chaoxiang
闪开,闪开,shankai
闪联,闪联,shanlian
闪象智充,闪象智充,shanxiangzhichong
闽投电力,闽投电力,mintoudianli
阳超,阳超,yangchao
隆瑞三优,隆瑞三优,longruisanyou
随手充,随手充,suishouchong
零度以下新能源,零度以下,lingduyixia
雷晟能源,雷晟能源,leichengnengyuan
雷曼,雷曼,leiman
青岛博瑞联行,博瑞联行,boruilianxing
领充,领充,lingchong
领充创享,领充,lingchong
领势,领势,lingshi
颉码,颉码,jiema
飞充网智慧能源,飞充网,feichongwang
飞电快充,飞电快充,feidiankuaichong
飞莱特,飞莱特,feilaite
驴充充,驴充充,lvchongchong
驿充,驿充,yichong
驿来特,驿来特,yilaite
驿满充电,驿满充电,yimanchongdian
骆驼聪充,骆驼聪充,luotuocongchong
高陆通,高陆通,gaolutong
鲸充,鲸充,jingchong
鲸率,鲸率,jinglv
鸿蒙,鸿蒙,hongmeng
鹏和超充,鹏和,penghe
鹏辉,鹏辉,penghui
鹏辉智慧充电,鹏辉,penghui
麒威,麒威,qiwei
黑熊,黑熊,heixiong
黑熊充电,黑熊,heixiong
鼎元智能,鼎元智能,dingyuanzhineng
龙桩,龙桩,longzhuang
龙泽电力,龙泽电力,longzedianli
